<?xml version="1.0" encoding="UTF-8"?>
<deploy
 date="2024.04.01.15:11:27"
 outputDirectory="/home/convertinoj/Documents/programming/HDL/fusesoc/projects_pub/fmcomms5/a10soc/max5/io_max5/db/ip/q_sys/">
 <perimeter>
  <parameter
     name="AUTO_GENERATION_ID"
     type="Integer"
     defaultValue="0"
     onHdl="0"
     affectsHdl="1" />
  <parameter
     name="AUTO_UNIQUE_ID"
     type="String"
     defaultValue=""
     onHdl="0"
     affectsHdl="1" />
  <parameter
     name="AUTO_DEVICE_FAMILY"
     type="String"
     defaultValue="MAX V"
     onHdl="0"
     affectsHdl="1" />
  <parameter
     name="AUTO_DEVICE"
     type="String"
     defaultValue="5M2210ZF256C4"
     onHdl="0"
     affectsHdl="1" />
  <parameter
     name="AUTO_DEVICE_SPEEDGRADE"
     type="String"
     defaultValue="4"
     onHdl="0"
     affectsHdl="1" />
  <parameter
     name="AUTO_CLK_CLOCK_RATE"
     type="Long"
     defaultValue="-1"
     onHdl="0"
     affectsHdl="1" />
  <parameter
     name="AUTO_CLK_CLOCK_DOMAIN"
     type="Integer"
     defaultValue="-1"
     onHdl="0"
     affectsHdl="1" />
  <parameter
     name="AUTO_CLK_RESET_DOMAIN"
     type="Integer"
     defaultValue="-1"
     onHdl="0"
     affectsHdl="1" />
  <interface name="clk" kind="clock" start="0">
   <property name="clockRate" value="50000000" />
   <property name="externallyDriven" value="false" />
   <property name="ptfSchematicName" value="" />
   <port name="clk_clk" direction="input" role="clk" width="1" />
  </interface>
  <interface name="reset" kind="reset" start="0">
   <property name="associatedClock" value="" />
   <property name="synchronousEdges" value="NONE" />
   <port name="reset_reset_n" direction="input" role="reset_n" width="1" />
  </interface>
  <interface name="system_max_id_0_project_id" kind="conduit" start="0">
   <property name="associatedClock" value="clk" />
   <property name="associatedReset" value="reset" />
   <port
       name="system_max_id_0_project_id_export"
       direction="input"
       role="export"
       width="16" />
  </interface>
  <interface name="system_max_id_0_sdi_status" kind="conduit" start="0">
   <property name="associatedClock" value="clk" />
   <property name="associatedReset" value="reset" />
   <port
       name="system_max_id_0_sdi_status_export"
       direction="input"
       role="export"
       width="8" />
  </interface>
  <interface name="system_max_id_0_version" kind="conduit" start="0">
   <property name="associatedClock" value="clk" />
   <property name="associatedReset" value="reset" />
   <port
       name="system_max_id_0_version_export"
       direction="input"
       role="export"
       width="16" />
  </interface>
 </perimeter>
 <entity
   path=""
   parameterizationKey="q_sys:1.0:AUTO_CLK_CLOCK_DOMAIN=-1,AUTO_CLK_CLOCK_RATE=-1,AUTO_CLK_RESET_DOMAIN=-1,AUTO_DEVICE=5M2210ZF256C4,AUTO_DEVICE_FAMILY=MAX V,AUTO_DEVICE_SPEEDGRADE=4,AUTO_GENERATION_ID=1711998686,AUTO_UNIQUE_ID=(System_max_ID:1.0:)(alt_jtagavalon_wrapper:20.1:ADDRESS_MAP=&lt;address-map&gt;&lt;slave name=&apos;System_max_ID_0.slv&apos; start=&apos;0x40&apos; end=&apos;0x80&apos; type=&apos;System_max_ID.slv&apos; /&gt;&lt;/address-map&gt;,ADDR_WIDTH=16,DATA_WIDTH=32,INSTANCE_ID=0,MODE_WIDTH=3,OWNER_ID=0,ROM_CONTENTS=,ROM_SIZE=0,SLD_AUTO_INSTANCE_INDEX=NO,USAGE_ID=0,USER_ID1=0,USER_ID2=0)(clock_source:20.1:clockFrequency=50000000,clockFrequencyKnown=true,inputClockFrequency=0,resetSynchronousEdges=NONE)(avalon:20.1:arbitrationPriority=1,baseAddress=0x0040,defaultConnection=false)(clock:20.1:)(clock:20.1:)(reset:20.1:)(reset:20.1:)"
   instancePathKey="q_sys"
   kind="q_sys"
   version="1.0"
   name="q_sys">
  <parameter name="AUTO_CLK_CLOCK_RATE" value="-1" />
  <parameter name="AUTO_GENERATION_ID" value="1711998686" />
  <parameter name="AUTO_DEVICE" value="5M2210ZF256C4" />
  <parameter name="AUTO_DEVICE_FAMILY" value="MAX V" />
  <parameter name="AUTO_CLK_RESET_DOMAIN" value="-1" />
  <parameter name="AUTO_CLK_CLOCK_DOMAIN" value="-1" />
  <parameter name="AUTO_UNIQUE_ID" value="" />
  <parameter name="AUTO_DEVICE_SPEEDGRADE" value="4" />
  <generatedFiles>
   <file
       path="/home/convertinoj/Documents/programming/HDL/fusesoc/projects_pub/fmcomms5/a10soc/max5/io_max5/db/ip/q_sys/q_sys.v"
       type="VERILOG" />
  </generatedFiles>
  <childGeneratedFiles>
   <file
       path="/home/convertinoj/Documents/programming/HDL/fusesoc/projects_pub/fmcomms5/a10soc/max5/io_max5/db/ip/q_sys/submodules/sys_max_id.vhd"
       type="VHDL"
       attributes="TOP_LEVEL_FILE" />
   <file
       path="/home/convertinoj/Documents/programming/HDL/fusesoc/projects_pub/fmcomms5/a10soc/max5/io_max5/db/ip/q_sys/submodules/alt_jtagavalon_wrapper.v"
       type="VERILOG"
       attributes="" />
   <file
       path="/home/convertinoj/Documents/programming/HDL/fusesoc/projects_pub/fmcomms5/a10soc/max5/io_max5/db/ip/q_sys/submodules/alt_jtagavalon.v"
       type="VERILOG"
       attributes="" />
   <file
       path="/home/convertinoj/Documents/programming/HDL/fusesoc/projects_pub/fmcomms5/a10soc/max5/io_max5/db/ip/q_sys/submodules/alt_jtagavalon_rom.vhd"
       type="VHDL"
       attributes="" />
   <file
       path="/home/convertinoj/Documents/programming/HDL/fusesoc/projects_pub/fmcomms5/a10soc/max5/io_max5/db/ip/q_sys/submodules/q_sys_mm_interconnect_0.v"
       type="VERILOG" />
   <file
       path="/home/convertinoj/Documents/programming/HDL/fusesoc/projects_pub/fmcomms5/a10soc/max5/io_max5/db/ip/q_sys/submodules/altera_merlin_master_translator.sv"
       type="SYSTEM_VERILOG"
       attributes="" />
   <file
       path="/home/convertinoj/Documents/programming/HDL/fusesoc/projects_pub/fmcomms5/a10soc/max5/io_max5/db/ip/q_sys/submodules/altera_merlin_slave_translator.sv"
       type="SYSTEM_VERILOG"
       attributes="" />
   <file
       path="/home/convertinoj/Documents/programming/HDL/fusesoc/projects_pub/fmcomms5/a10soc/max5/io_max5/db/ip/q_sys/submodules/altera_reset_controller.v"
       type="VERILOG"
       attributes="" />
   <file
       path="/home/convertinoj/Documents/programming/HDL/fusesoc/projects_pub/fmcomms5/a10soc/max5/io_max5/db/ip/q_sys/submodules/altera_reset_synchronizer.v"
       type="VERILOG"
       attributes="" />
   <file
       path="/home/convertinoj/Documents/programming/HDL/fusesoc/projects_pub/fmcomms5/a10soc/max5/io_max5/db/ip/q_sys/submodules/altera_reset_controller.sdc"
       type="SDC"
       attributes="" />
  </childGeneratedFiles>
  <sourceFiles>
   <file
       path="/home/convertinoj/Documents/programming/HDL/fusesoc/projects_pub/fmcomms5/a10soc/max5/io_max5/q_sys.qsys" />
  </sourceFiles>
  <childSourceFiles>
   <file
       path="/home/convertinoj/Documents/programming/HDL/fusesoc/projects_pub/fmcomms5/a10soc/max5/io_max5/ip/system_max_id/System_max_ID_hw.tcl" />
   <file
       path="/opt/usr_lg/intel/FPGA/std/20.1/ip/altera/sld/mm/alt_jtagavalon_wrapper/alt_jtagavalon_hw.tcl" />
   <file
       path="/opt/usr_lg/intel/FPGA/std/20.1/ip/altera/sld/mm/alt_jtagavalon_wrapper/com.altera.jtagavalon.jar" />
   <file
       path="/opt/usr_lg/intel/FPGA/std/20.1/quartus/sopc_builder/model/lib/com.altera.utilities.jar" />
   <file
       path="/opt/usr_lg/intel/FPGA/std/20.1/quartus/sopc_builder/model/lib/hamcrest-all-1.3.jar" />
   <file
       path="/opt/usr_lg/intel/FPGA/std/20.1/quartus/sopc_builder/model/lib/commons-lang3-3.1.jar" />
   <file
       path="/opt/usr_lg/intel/FPGA/std/20.1/quartus/sopc_builder/model/lib/com.altera.systemconsole.configrom.jar" />
   <file
       path="/opt/usr_lg/intel/FPGA/std/20.1/quartus/sopc_builder/model/lib/com.altera.systemconsole.jar" />
   <file
       path="/opt/usr_lg/intel/FPGA/std/20.1/quartus/sopc_builder/model/lib/com.altera.service.jre.jar" />
   <file
       path="/opt/usr_lg/intel/FPGA/std/20.1/ip/altera/merlin/altera_mm_interconnect/altera_mm_interconnect_hw.tcl" />
   <file
       path="/opt/usr_lg/intel/FPGA/std/20.1/ip/altera/merlin/altera_merlin_master_translator/altera_merlin_master_translator_hw.tcl" />
   <file
       path="/opt/usr_lg/intel/FPGA/std/20.1/ip/altera/merlin/altera_merlin_slave_translator/altera_merlin_slave_translator_hw.tcl" />
   <file
       path="/opt/usr_lg/intel/FPGA/std/20.1/ip/altera/merlin/altera_reset_controller/altera_reset_controller_hw.tcl" />
  </childSourceFiles>
  <messages>
   <message level="Debug" culprit="q_sys">queue size: 0 starting:q_sys "q_sys"</message>
   <message level="Progress" culprit="min"></message>
   <message level="Progress" culprit="max"></message>
   <message level="Progress" culprit="current"></message>
   <message level="Debug">Transform: CustomInstructionTransform</message>
   <message level="Debug">No custom instruction connections, skipping transform </message>
   <message level="Debug" culprit="merlin_custom_instruction_transform"><![CDATA[After transform: <b>3</b> modules, <b>5</b> connections]]></message>
   <message level="Debug">Transform: MMTransform</message>
   <message level="Debug">Transform: InitialInterconnectTransform</message>
   <message level="Info">Interconnect is inserted between master alt_jtagavalon_wrapper_0.avm_jtag and slave System_max_ID_0.slv because the master has address signal 16 bit wide, but the slave is 4 bit wide.</message>
   <message level="Debug" culprit="merlin_initial_interconnect_transform"><![CDATA[After transform: <b>3</b> modules, <b>5</b> connections]]></message>
   <message level="Debug">Transform: TerminalIdAssignmentUpdateTransform</message>
   <message level="Debug">Transform: DefaultSlaveTransform</message>
   <message level="Debug">Transform: TranslatorTransform</message>
   <message level="Progress" culprit="min"></message>
   <message level="Progress" culprit="max"></message>
   <message level="Progress" culprit="current"></message>
   <message level="Progress" culprit="min"></message>
   <message level="Progress" culprit="max"></message>
   <message level="Progress" culprit="current"></message>
   <message level="Debug" culprit="merlin_translator_transform"><![CDATA[After transform: <b>5</b> modules, <b>11</b> connections]]></message>
   <message level="Debug">Transform: IDPadTransform</message>
   <message level="Debug">Transform: DomainTransform</message>
   <message level="Debug">Transform merlin_domain_transform not run on matched interfaces alt_jtagavalon_wrapper_0.avm_jtag and alt_jtagavalon_wrapper_0_avm_jtag_translator.avalon_anti_master_0</message>
   <message level="Debug">Transform merlin_domain_transform not run on matched interfaces alt_jtagavalon_wrapper_0_avm_jtag_translator.avalon_universal_master_0 and System_max_ID_0_slv_translator.avalon_universal_slave_0</message>
   <message level="Debug">Transform merlin_domain_transform not run on matched interfaces System_max_ID_0_slv_translator.avalon_anti_slave_0 and System_max_ID_0.slv</message>
   <message level="Debug">Transform: RouterTransform</message>
   <message level="Debug">Transform: TrafficLimiterTransform</message>
   <message level="Debug">Transform: BurstTransform</message>
   <message level="Debug">Transform: TreeTransform</message>
   <message level="Debug">Transform: NetworkToSwitchTransform</message>
   <message level="Debug">Transform: WidthTransform</message>
   <message level="Debug">Transform: RouterTableTransform</message>
   <message level="Debug">Transform: ThreadIDMappingTableTransform</message>
   <message level="Debug">Transform: ClockCrossingTransform</message>
   <message level="Debug">Transform: PipelineTransform</message>
   <message level="Debug">Transform: SpotPipelineTransform</message>
   <message level="Debug">Transform: PerformanceMonitorTransform</message>
   <message level="Debug">Transform: TrafficLimiterUpdateTransform</message>
   <message level="Debug">Transform: InsertClockAndResetBridgesTransform</message>
   <message level="Progress" culprit="min"></message>
   <message level="Progress" culprit="max"></message>
   <message level="Progress" culprit="current"></message>
   <message level="Progress" culprit="min"></message>
   <message level="Progress" culprit="max"></message>
   <message level="Progress" culprit="current"></message>
   <message level="Debug" culprit="merlin_clock_and_reset_bridge_transform"><![CDATA[After transform: <b>7</b> modules, <b>17</b> connections]]></message>
   <message level="Debug">Transform: InterconnectConnectionsTagger</message>
   <message level="Debug">Transform: HierarchyTransform</message>
   <message level="Progress" culprit="min"></message>
   <message level="Progress" culprit="max"></message>
   <message level="Progress" culprit="current"></message>
   <message level="Debug" culprit="merlin_hierarchy_transform"><![CDATA[After transform: <b>4</b> modules, <b>8</b> connections]]></message>
   <message level="Debug" culprit="merlin_mm_transform"><![CDATA[After transform: <b>4</b> modules, <b>8</b> connections]]></message>
   <message level="Debug">Transform: InterruptMapperTransform</message>
   <message level="Debug">Transform: InterruptSyncTransform</message>
   <message level="Debug">Transform: InterruptFanoutTransform</message>
   <message level="Debug">Transform: AvalonStreamingTransform</message>
   <message level="Debug">Transform: ResetAdaptation</message>
   <message level="Progress" culprit="min"></message>
   <message level="Progress" culprit="max"></message>
   <message level="Progress" culprit="current"></message>
   <message level="Debug" culprit="reset_adaptation_transform"><![CDATA[After transform: <b>5</b> modules, <b>10</b> connections]]></message>
   <message level="Debug" culprit="q_sys"><![CDATA["<b>q_sys</b>" reuses <b>System_max_ID</b> "<b>submodules/sys_max_id</b>"]]></message>
   <message level="Debug" culprit="q_sys"><![CDATA["<b>q_sys</b>" reuses <b>alt_jtagavalon_wrapper</b> "<b>submodules/alt_jtagavalon_wrapper</b>"]]></message>
   <message level="Debug" culprit="q_sys"><![CDATA["<b>q_sys</b>" reuses <b>altera_mm_interconnect</b> "<b>submodules/q_sys_mm_interconnect_0</b>"]]></message>
   <message level="Debug" culprit="q_sys"><![CDATA["<b>q_sys</b>" reuses <b>altera_reset_controller</b> "<b>submodules/altera_reset_controller</b>"]]></message>
   <message level="Debug" culprit="q_sys">queue size: 3 starting:System_max_ID "submodules/sys_max_id"</message>
   <message level="Info" culprit="System_max_ID_0"><![CDATA["<b>q_sys</b>" instantiated <b>System_max_ID</b> "<b>System_max_ID_0</b>"]]></message>
   <message level="Debug" culprit="q_sys">queue size: 2 starting:alt_jtagavalon_wrapper "submodules/alt_jtagavalon_wrapper"</message>
   <message level="Info" culprit="alt_jtagavalon_wrapper_0"><![CDATA["<b>q_sys</b>" instantiated <b>alt_jtagavalon_wrapper</b> "<b>alt_jtagavalon_wrapper_0</b>"]]></message>
   <message level="Debug" culprit="q_sys">queue size: 1 starting:altera_mm_interconnect "submodules/q_sys_mm_interconnect_0"</message>
   <message level="Progress" culprit="min"></message>
   <message level="Progress" culprit="max"></message>
   <message level="Progress" culprit="current"></message>
   <message level="Debug">Transform: CustomInstructionTransform</message>
   <message level="Debug">No custom instruction connections, skipping transform </message>
   <message level="Debug" culprit="merlin_custom_instruction_transform"><![CDATA[After transform: <b>4</b> modules, <b>6</b> connections]]></message>
   <message level="Debug">Transform: MMTransform</message>
   <message level="Debug">Transform: InitialInterconnectTransform</message>
   <message level="Debug" culprit="merlin_initial_interconnect_transform"><![CDATA[After transform: <b>0</b> modules, <b>0</b> connections]]></message>
   <message level="Debug">Transform: TerminalIdAssignmentUpdateTransform</message>
   <message level="Debug">Transform: DefaultSlaveTransform</message>
   <message level="Debug">Transform: TranslatorTransform</message>
   <message level="Debug">No Avalon connections, skipping transform </message>
   <message level="Debug">Transform: IDPadTransform</message>
   <message level="Debug">Transform: DomainTransform</message>
   <message level="Debug">Transform: RouterTransform</message>
   <message level="Debug">Transform: TrafficLimiterTransform</message>
   <message level="Debug">Transform: BurstTransform</message>
   <message level="Debug">Transform: TreeTransform</message>
   <message level="Debug">Transform: NetworkToSwitchTransform</message>
   <message level="Debug">Transform: WidthTransform</message>
   <message level="Debug">Transform: RouterTableTransform</message>
   <message level="Debug">Transform: ThreadIDMappingTableTransform</message>
   <message level="Debug">Transform: ClockCrossingTransform</message>
   <message level="Debug">Transform: PipelineTransform</message>
   <message level="Debug">Transform: SpotPipelineTransform</message>
   <message level="Debug">Transform: PerformanceMonitorTransform</message>
   <message level="Debug">Transform: TrafficLimiterUpdateTransform</message>
   <message level="Debug">Transform: InsertClockAndResetBridgesTransform</message>
   <message level="Debug">Transform: InterconnectConnectionsTagger</message>
   <message level="Debug">Transform: HierarchyTransform</message>
   <message level="Debug" culprit="merlin_hierarchy_transform"><![CDATA[After transform: <b>4</b> modules, <b>6</b> connections]]></message>
   <message level="Debug">Transform: InterruptMapperTransform</message>
   <message level="Debug">Transform: InterruptSyncTransform</message>
   <message level="Debug">Transform: InterruptFanoutTransform</message>
   <message level="Debug">Transform: AvalonStreamingTransform</message>
   <message level="Debug">Transform: ResetAdaptation</message>
   <message level="Debug" culprit="mm_interconnect_0"><![CDATA["<b>mm_interconnect_0</b>" reuses <b>altera_merlin_master_translator</b> "<b>submodules/altera_merlin_master_translator</b>"]]></message>
   <message level="Debug" culprit="mm_interconnect_0"><![CDATA["<b>mm_interconnect_0</b>" reuses <b>altera_merlin_slave_translator</b> "<b>submodules/altera_merlin_slave_translator</b>"]]></message>
   <message level="Info" culprit="mm_interconnect_0"><![CDATA["<b>q_sys</b>" instantiated <b>altera_mm_interconnect</b> "<b>mm_interconnect_0</b>"]]></message>
   <message level="Debug" culprit="q_sys">queue size: 1 starting:altera_merlin_master_translator "submodules/altera_merlin_master_translator"</message>
   <message level="Info" culprit="alt_jtagavalon_wrapper_0_avm_jtag_translator"><![CDATA["<b>mm_interconnect_0</b>" instantiated <b>altera_merlin_master_translator</b> "<b>alt_jtagavalon_wrapper_0_avm_jtag_translator</b>"]]></message>
   <message level="Debug" culprit="q_sys">queue size: 0 starting:altera_merlin_slave_translator "submodules/altera_merlin_slave_translator"</message>
   <message level="Info" culprit="System_max_ID_0_slv_translator"><![CDATA["<b>mm_interconnect_0</b>" instantiated <b>altera_merlin_slave_translator</b> "<b>System_max_ID_0_slv_translator</b>"]]></message>
   <message level="Debug" culprit="q_sys">queue size: 2 starting:altera_reset_controller "submodules/altera_reset_controller"</message>
   <message level="Info" culprit="rst_controller"><![CDATA["<b>q_sys</b>" instantiated <b>altera_reset_controller</b> "<b>rst_controller</b>"]]></message>
  </messages>
 </entity>
 <entity
   path="submodules/"
   parameterizationKey="System_max_ID:1.0:"
   instancePathKey="q_sys:.:System_max_ID_0"
   kind="System_max_ID"
   version="1.0"
   name="sys_max_id">
  <generatedFiles>
   <file
       path="/home/convertinoj/Documents/programming/HDL/fusesoc/projects_pub/fmcomms5/a10soc/max5/io_max5/db/ip/q_sys/submodules/sys_max_id.vhd"
       type="VHDL"
       attributes="TOP_LEVEL_FILE" />
  </generatedFiles>
  <childGeneratedFiles/>
  <sourceFiles>
   <file
       path="/home/convertinoj/Documents/programming/HDL/fusesoc/projects_pub/fmcomms5/a10soc/max5/io_max5/ip/system_max_id/System_max_ID_hw.tcl" />
  </sourceFiles>
  <childSourceFiles/>
  <instantiator instantiator="q_sys" as="System_max_ID_0" />
  <messages>
   <message level="Debug" culprit="q_sys">queue size: 3 starting:System_max_ID "submodules/sys_max_id"</message>
   <message level="Info" culprit="System_max_ID_0"><![CDATA["<b>q_sys</b>" instantiated <b>System_max_ID</b> "<b>System_max_ID_0</b>"]]></message>
  </messages>
 </entity>
 <entity
   path="submodules/"
   parameterizationKey="alt_jtagavalon_wrapper:20.1:ADDRESS_MAP=&lt;address-map&gt;&lt;slave name=&apos;System_max_ID_0.slv&apos; start=&apos;0x40&apos; end=&apos;0x80&apos; type=&apos;System_max_ID.slv&apos; /&gt;&lt;/address-map&gt;,ADDR_WIDTH=16,DATA_WIDTH=32,INSTANCE_ID=0,MODE_WIDTH=3,OWNER_ID=0,ROM_CONTENTS=,ROM_SIZE=0,SLD_AUTO_INSTANCE_INDEX=NO,USAGE_ID=0,USER_ID1=0,USER_ID2=0"
   instancePathKey="q_sys:.:alt_jtagavalon_wrapper_0"
   kind="alt_jtagavalon_wrapper"
   version="20.1"
   name="alt_jtagavalon_wrapper">
  <parameter name="MODE_WIDTH" value="3" />
  <parameter name="ADDR_WIDTH" value="16" />
  <parameter name="ROM_CONTENTS" value="" />
  <parameter name="DATA_WIDTH" value="32" />
  <parameter name="SLD_AUTO_INSTANCE_INDEX" value="NO" />
  <parameter name="ROM_SIZE" value="0" />
  <parameter name="USAGE_ID" value="0" />
  <parameter name="USER_ID2" value="0" />
  <parameter name="USER_ID1" value="0" />
  <parameter
     name="ADDRESS_MAP"
     value="&lt;address-map&gt;&lt;slave name=&apos;System_max_ID_0.slv&apos; start=&apos;0x40&apos; end=&apos;0x80&apos; type=&apos;System_max_ID.slv&apos; /&gt;&lt;/address-map&gt;" />
  <parameter name="INSTANCE_ID" value="0" />
  <parameter name="OWNER_ID" value="0" />
  <generatedFiles>
   <file
       path="/home/convertinoj/Documents/programming/HDL/fusesoc/projects_pub/fmcomms5/a10soc/max5/io_max5/db/ip/q_sys/submodules/alt_jtagavalon_wrapper.v"
       type="VERILOG"
       attributes="" />
   <file
       path="/home/convertinoj/Documents/programming/HDL/fusesoc/projects_pub/fmcomms5/a10soc/max5/io_max5/db/ip/q_sys/submodules/alt_jtagavalon.v"
       type="VERILOG"
       attributes="" />
   <file
       path="/home/convertinoj/Documents/programming/HDL/fusesoc/projects_pub/fmcomms5/a10soc/max5/io_max5/db/ip/q_sys/submodules/alt_jtagavalon_rom.vhd"
       type="VHDL"
       attributes="" />
  </generatedFiles>
  <childGeneratedFiles/>
  <sourceFiles>
   <file
       path="/opt/usr_lg/intel/FPGA/std/20.1/ip/altera/sld/mm/alt_jtagavalon_wrapper/alt_jtagavalon_hw.tcl" />
   <file
       path="/opt/usr_lg/intel/FPGA/std/20.1/ip/altera/sld/mm/alt_jtagavalon_wrapper/com.altera.jtagavalon.jar" />
   <file
       path="/opt/usr_lg/intel/FPGA/std/20.1/quartus/sopc_builder/model/lib/com.altera.utilities.jar" />
   <file
       path="/opt/usr_lg/intel/FPGA/std/20.1/quartus/sopc_builder/model/lib/hamcrest-all-1.3.jar" />
   <file
       path="/opt/usr_lg/intel/FPGA/std/20.1/quartus/sopc_builder/model/lib/commons-lang3-3.1.jar" />
   <file
       path="/opt/usr_lg/intel/FPGA/std/20.1/quartus/sopc_builder/model/lib/com.altera.systemconsole.configrom.jar" />
   <file
       path="/opt/usr_lg/intel/FPGA/std/20.1/quartus/sopc_builder/model/lib/com.altera.systemconsole.jar" />
   <file
       path="/opt/usr_lg/intel/FPGA/std/20.1/quartus/sopc_builder/model/lib/com.altera.service.jre.jar" />
  </sourceFiles>
  <childSourceFiles/>
  <instantiator instantiator="q_sys" as="alt_jtagavalon_wrapper_0" />
  <messages>
   <message level="Debug" culprit="q_sys">queue size: 2 starting:alt_jtagavalon_wrapper "submodules/alt_jtagavalon_wrapper"</message>
   <message level="Info" culprit="alt_jtagavalon_wrapper_0"><![CDATA["<b>q_sys</b>" instantiated <b>alt_jtagavalon_wrapper</b> "<b>alt_jtagavalon_wrapper_0</b>"]]></message>
  </messages>
 </entity>
 <entity
   path="submodules/"
   parameterizationKey="altera_mm_interconnect:20.1:AUTO_DEVICE=5M2210ZF256C4,AUTO_DEVICE_FAMILY=MAX V,AUTO_DEVICE_SPEEDGRADE=,COMPOSE_CONTENTS=add_instance {alt_jtagavalon_wrapper_0_avm_jtag_translator} {altera_merlin_master_translator};set_instance_parameter_value {alt_jtagavalon_wrapper_0_avm_jtag_translator} {AV_ADDRESS_W} {16};set_instance_parameter_value {alt_jtagavalon_wrapper_0_avm_jtag_translator} {AV_DATA_W} {32};set_instance_parameter_value {alt_jtagavalon_wrapper_0_avm_jtag_translator} {AV_BURSTCOUNT_W} {1};set_instance_parameter_value {alt_jtagavalon_wrapper_0_avm_jtag_translator} {AV_BYTEENABLE_W} {4};set_instance_parameter_value {alt_jtagavalon_wrapper_0_avm_jtag_translator} {UAV_ADDRESS_W} {16};set_instance_parameter_value {alt_jtagavalon_wrapper_0_avm_jtag_translator} {UAV_BURSTCOUNT_W} {3};set_instance_parameter_value {alt_jtagavalon_wrapper_0_avm_jtag_translator} {AV_READLATENCY} {0};set_instance_parameter_value {alt_jtagavalon_wrapper_0_avm_jtag_translator} {AV_WRITE_WAIT} {0};set_instance_parameter_value {alt_jtagavalon_wrapper_0_avm_jtag_translator} {AV_READ_WAIT} {1};set_instance_parameter_value {alt_jtagavalon_wrapper_0_avm_jtag_translator} {AV_DATA_HOLD} {0};set_instance_parameter_value {alt_jtagavalon_wrapper_0_avm_jtag_translator} {AV_SETUP_WAIT} {0};set_instance_parameter_value {alt_jtagavalon_wrapper_0_avm_jtag_translator} {USE_READDATA} {1};set_instance_parameter_value {alt_jtagavalon_wrapper_0_avm_jtag_translator} {USE_WRITEDATA} {1};set_instance_parameter_value {alt_jtagavalon_wrapper_0_avm_jtag_translator} {USE_READ} {1};set_instance_parameter_value {alt_jtagavalon_wrapper_0_avm_jtag_translator} {USE_WRITE} {1};set_instance_parameter_value {alt_jtagavalon_wrapper_0_avm_jtag_translator} {USE_BEGINBURSTTRANSFER} {0};set_instance_parameter_value {alt_jtagavalon_wrapper_0_avm_jtag_translator} {USE_BEGINTRANSFER} {0};set_instance_parameter_value {alt_jtagavalon_wrapper_0_avm_jtag_translator} {USE_BYTEENABLE} {0};set_instance_parameter_value {alt_jtagavalon_wrapper_0_avm_jtag_translator} {USE_CHIPSELECT} {0};set_instance_parameter_value {alt_jtagavalon_wrapper_0_avm_jtag_translator} {USE_ADDRESS} {1};set_instance_parameter_value {alt_jtagavalon_wrapper_0_avm_jtag_translator} {USE_BURSTCOUNT} {0};set_instance_parameter_value {alt_jtagavalon_wrapper_0_avm_jtag_translator} {USE_DEBUGACCESS} {0};set_instance_parameter_value {alt_jtagavalon_wrapper_0_avm_jtag_translator} {USE_CLKEN} {0};set_instance_parameter_value {alt_jtagavalon_wrapper_0_avm_jtag_translator} {USE_READDATAVALID} {0};set_instance_parameter_value {alt_jtagavalon_wrapper_0_avm_jtag_translator} {USE_WAITREQUEST} {1};set_instance_parameter_value {alt_jtagavalon_wrapper_0_avm_jtag_translator} {USE_LOCK} {0};set_instance_parameter_value {alt_jtagavalon_wrapper_0_avm_jtag_translator} {USE_READRESPONSE} {0};set_instance_parameter_value {alt_jtagavalon_wrapper_0_avm_jtag_translator} {USE_WRITERESPONSE} {0};set_instance_parameter_value {alt_jtagavalon_wrapper_0_avm_jtag_translator} {AV_SYMBOLS_PER_WORD} {4};set_instance_parameter_value {alt_jtagavalon_wrapper_0_avm_jtag_translator} {AV_ADDRESS_SYMBOLS} {1};set_instance_parameter_value {alt_jtagavalon_wrapper_0_avm_jtag_translator} {AV_BURSTCOUNT_SYMBOLS} {0};set_instance_parameter_value {alt_jtagavalon_wrapper_0_avm_jtag_translator} {AV_CONSTANT_BURST_BEHAVIOR} {0};set_instance_parameter_value {alt_jtagavalon_wrapper_0_avm_jtag_translator} {UAV_CONSTANT_BURST_BEHAVIOR} {0};set_instance_parameter_value {alt_jtagavalon_wrapper_0_avm_jtag_translator} {AV_LINEWRAPBURSTS} {0};set_instance_parameter_value {alt_jtagavalon_wrapper_0_avm_jtag_translator} {AV_MAX_PENDING_READ_TRANSACTIONS} {64};set_instance_parameter_value {alt_jtagavalon_wrapper_0_avm_jtag_translator} {AV_BURSTBOUNDARIES} {0};set_instance_parameter_value {alt_jtagavalon_wrapper_0_avm_jtag_translator} {AV_INTERLEAVEBURSTS} {0};set_instance_parameter_value {alt_jtagavalon_wrapper_0_avm_jtag_translator} {AV_BITS_PER_SYMBOL} {8};set_instance_parameter_value {alt_jtagavalon_wrapper_0_avm_jtag_translator} {AV_ISBIGENDIAN} {0};set_instance_parameter_value {alt_jtagavalon_wrapper_0_avm_jtag_translator} {AV_ADDRESSGROUP} {0};set_instance_parameter_value {alt_jtagavalon_wrapper_0_avm_jtag_translator} {UAV_ADDRESSGROUP} {0};set_instance_parameter_value {alt_jtagavalon_wrapper_0_avm_jtag_translator} {AV_REGISTEROUTGOINGSIGNALS} {0};set_instance_parameter_value {alt_jtagavalon_wrapper_0_avm_jtag_translator} {AV_REGISTERINCOMINGSIGNALS} {0};set_instance_parameter_value {alt_jtagavalon_wrapper_0_avm_jtag_translator} {AV_ALWAYSBURSTMAXBURST} {0};set_instance_parameter_value {alt_jtagavalon_wrapper_0_avm_jtag_translator} {SYNC_RESET} {0};add_instance {System_max_ID_0_slv_translator} {altera_merlin_slave_translator};set_instance_parameter_value {System_max_ID_0_slv_translator} {AV_ADDRESS_W} {4};set_instance_parameter_value {System_max_ID_0_slv_translator} {AV_DATA_W} {32};set_instance_parameter_value {System_max_ID_0_slv_translator} {UAV_DATA_W} {32};set_instance_parameter_value {System_max_ID_0_slv_translator} {AV_BURSTCOUNT_W} {1};set_instance_parameter_value {System_max_ID_0_slv_translator} {AV_BYTEENABLE_W} {4};set_instance_parameter_value {System_max_ID_0_slv_translator} {UAV_BYTEENABLE_W} {4};set_instance_parameter_value {System_max_ID_0_slv_translator} {UAV_ADDRESS_W} {16};set_instance_parameter_value {System_max_ID_0_slv_translator} {UAV_BURSTCOUNT_W} {3};set_instance_parameter_value {System_max_ID_0_slv_translator} {AV_READLATENCY} {0};set_instance_parameter_value {System_max_ID_0_slv_translator} {AV_SETUP_WAIT} {0};set_instance_parameter_value {System_max_ID_0_slv_translator} {AV_WRITE_WAIT} {0};set_instance_parameter_value {System_max_ID_0_slv_translator} {AV_READ_WAIT} {1};set_instance_parameter_value {System_max_ID_0_slv_translator} {AV_DATA_HOLD} {0};set_instance_parameter_value {System_max_ID_0_slv_translator} {AV_TIMING_UNITS} {1};set_instance_parameter_value {System_max_ID_0_slv_translator} {USE_READDATA} {1};set_instance_parameter_value {System_max_ID_0_slv_translator} {USE_WRITEDATA} {1};set_instance_parameter_value {System_max_ID_0_slv_translator} {USE_READ} {1};set_instance_parameter_value {System_max_ID_0_slv_translator} {USE_WRITE} {1};set_instance_parameter_value {System_max_ID_0_slv_translator} {USE_BEGINBURSTTRANSFER} {0};set_instance_parameter_value {System_max_ID_0_slv_translator} {USE_BEGINTRANSFER} {0};set_instance_parameter_value {System_max_ID_0_slv_translator} {USE_BYTEENABLE} {0};set_instance_parameter_value {System_max_ID_0_slv_translator} {USE_CHIPSELECT} {1};set_instance_parameter_value {System_max_ID_0_slv_translator} {USE_ADDRESS} {1};set_instance_parameter_value {System_max_ID_0_slv_translator} {USE_BURSTCOUNT} {0};set_instance_parameter_value {System_max_ID_0_slv_translator} {USE_READDATAVALID} {0};set_instance_parameter_value {System_max_ID_0_slv_translator} {USE_WAITREQUEST} {1};set_instance_parameter_value {System_max_ID_0_slv_translator} {USE_WRITEBYTEENABLE} {0};set_instance_parameter_value {System_max_ID_0_slv_translator} {USE_LOCK} {0};set_instance_parameter_value {System_max_ID_0_slv_translator} {USE_AV_CLKEN} {0};set_instance_parameter_value {System_max_ID_0_slv_translator} {USE_UAV_CLKEN} {0};set_instance_parameter_value {System_max_ID_0_slv_translator} {USE_OUTPUTENABLE} {0};set_instance_parameter_value {System_max_ID_0_slv_translator} {USE_DEBUGACCESS} {0};set_instance_parameter_value {System_max_ID_0_slv_translator} {USE_READRESPONSE} {0};set_instance_parameter_value {System_max_ID_0_slv_translator} {USE_WRITERESPONSE} {0};set_instance_parameter_value {System_max_ID_0_slv_translator} {AV_SYMBOLS_PER_WORD} {4};set_instance_parameter_value {System_max_ID_0_slv_translator} {AV_ADDRESS_SYMBOLS} {0};set_instance_parameter_value {System_max_ID_0_slv_translator} {AV_BURSTCOUNT_SYMBOLS} {0};set_instance_parameter_value {System_max_ID_0_slv_translator} {AV_CONSTANT_BURST_BEHAVIOR} {0};set_instance_parameter_value {System_max_ID_0_slv_translator} {UAV_CONSTANT_BURST_BEHAVIOR} {0};set_instance_parameter_value {System_max_ID_0_slv_translator} {AV_REQUIRE_UNALIGNED_ADDRESSES} {0};set_instance_parameter_value {System_max_ID_0_slv_translator} {AV_LINEWRAPBURSTS} {0};set_instance_parameter_value {System_max_ID_0_slv_translator} {AV_MAX_PENDING_READ_TRANSACTIONS} {1};set_instance_parameter_value {System_max_ID_0_slv_translator} {AV_MAX_PENDING_WRITE_TRANSACTIONS} {0};set_instance_parameter_value {System_max_ID_0_slv_translator} {AV_BURSTBOUNDARIES} {0};set_instance_parameter_value {System_max_ID_0_slv_translator} {AV_INTERLEAVEBURSTS} {0};set_instance_parameter_value {System_max_ID_0_slv_translator} {AV_BITS_PER_SYMBOL} {8};set_instance_parameter_value {System_max_ID_0_slv_translator} {AV_ISBIGENDIAN} {0};set_instance_parameter_value {System_max_ID_0_slv_translator} {AV_ADDRESSGROUP} {0};set_instance_parameter_value {System_max_ID_0_slv_translator} {UAV_ADDRESSGROUP} {0};set_instance_parameter_value {System_max_ID_0_slv_translator} {AV_REGISTEROUTGOINGSIGNALS} {0};set_instance_parameter_value {System_max_ID_0_slv_translator} {AV_REGISTERINCOMINGSIGNALS} {0};set_instance_parameter_value {System_max_ID_0_slv_translator} {AV_ALWAYSBURSTMAXBURST} {0};set_instance_parameter_value {System_max_ID_0_slv_translator} {CHIPSELECT_THROUGH_READLATENCY} {0};add_instance {alt_jtagavalon_wrapper_0_global_signals_clock_reset_reset_bridge} {altera_reset_bridge};set_instance_parameter_value {alt_jtagavalon_wrapper_0_global_signals_clock_reset_reset_bridge} {ACTIVE_LOW_RESET} {0};set_instance_parameter_value {alt_jtagavalon_wrapper_0_global_signals_clock_reset_reset_bridge} {SYNCHRONOUS_EDGES} {deassert};set_instance_parameter_value {alt_jtagavalon_wrapper_0_global_signals_clock_reset_reset_bridge} {NUM_RESET_OUTPUTS} {1};set_instance_parameter_value {alt_jtagavalon_wrapper_0_global_signals_clock_reset_reset_bridge} {USE_RESET_REQUEST} {0};add_instance {clk_0_clk_clock_bridge} {altera_clock_bridge};set_instance_parameter_value {clk_0_clk_clock_bridge} {EXPLICIT_CLOCK_RATE} {50000000};set_instance_parameter_value {clk_0_clk_clock_bridge} {NUM_CLOCK_OUTPUTS} {1};add_connection {alt_jtagavalon_wrapper_0_avm_jtag_translator.avalon_universal_master_0} {System_max_ID_0_slv_translator.avalon_universal_slave_0} {avalon};set_connection_parameter_value {alt_jtagavalon_wrapper_0_avm_jtag_translator.avalon_universal_master_0/System_max_ID_0_slv_translator.avalon_universal_slave_0} {arbitrationPriority} {1};set_connection_parameter_value {alt_jtagavalon_wrapper_0_avm_jtag_translator.avalon_universal_master_0/System_max_ID_0_slv_translator.avalon_universal_slave_0} {baseAddress} {0x0040};set_connection_parameter_value {alt_jtagavalon_wrapper_0_avm_jtag_translator.avalon_universal_master_0/System_max_ID_0_slv_translator.avalon_universal_slave_0} {defaultConnection} {false};add_connection {alt_jtagavalon_wrapper_0_global_signals_clock_reset_reset_bridge.out_reset} {alt_jtagavalon_wrapper_0_avm_jtag_translator.reset} {reset};add_connection {alt_jtagavalon_wrapper_0_global_signals_clock_reset_reset_bridge.out_reset} {System_max_ID_0_slv_translator.reset} {reset};add_connection {clk_0_clk_clock_bridge.out_clk} {alt_jtagavalon_wrapper_0_avm_jtag_translator.clk} {clock};add_connection {clk_0_clk_clock_bridge.out_clk} {System_max_ID_0_slv_translator.clk} {clock};add_connection {clk_0_clk_clock_bridge.out_clk} {alt_jtagavalon_wrapper_0_global_signals_clock_reset_reset_bridge.clk} {clock};add_interface {clk_0_clk} {clock} {slave};set_interface_property {clk_0_clk} {EXPORT_OF} {clk_0_clk_clock_bridge.in_clk};add_interface {alt_jtagavalon_wrapper_0_global_signals_clock_reset_reset_bridge_in_reset} {reset} {slave};set_interface_property {alt_jtagavalon_wrapper_0_global_signals_clock_reset_reset_bridge_in_reset} {EXPORT_OF} {alt_jtagavalon_wrapper_0_global_signals_clock_reset_reset_bridge.in_reset};add_interface {alt_jtagavalon_wrapper_0_avm_jtag} {avalon} {slave};set_interface_property {alt_jtagavalon_wrapper_0_avm_jtag} {EXPORT_OF} {alt_jtagavalon_wrapper_0_avm_jtag_translator.avalon_anti_master_0};add_interface {System_max_ID_0_slv} {avalon} {master};set_interface_property {System_max_ID_0_slv} {EXPORT_OF} {System_max_ID_0_slv_translator.avalon_anti_slave_0};set_module_assignment {interconnect_id.System_max_ID_0.slv} {0};set_module_assignment {interconnect_id.alt_jtagavalon_wrapper_0.avm_jtag} {0};(altera_merlin_master_translator:20.1:AV_ADDRESSGROUP=0,AV_ADDRESS_SYMBOLS=1,AV_ADDRESS_W=16,AV_ALWAYSBURSTMAXBURST=0,AV_BITS_PER_SYMBOL=8,AV_BURSTBOUNDARIES=0,AV_BURSTCOUNT_SYMBOLS=0,AV_BURSTCOUNT_W=1,AV_BYTEENABLE_W=4,AV_CONSTANT_BURST_BEHAVIOR=0,AV_DATA_HOLD=0,AV_DATA_W=32,AV_INTERLEAVEBURSTS=0,AV_ISBIGENDIAN=0,AV_LINEWRAPBURSTS=0,AV_MAX_PENDING_READ_TRANSACTIONS=64,AV_READLATENCY=0,AV_READ_WAIT=1,AV_REGISTERINCOMINGSIGNALS=0,AV_REGISTEROUTGOINGSIGNALS=0,AV_SETUP_WAIT=0,AV_SYMBOLS_PER_WORD=4,AV_WRITE_WAIT=0,SYNC_RESET=0,UAV_ADDRESSGROUP=0,UAV_ADDRESS_W=16,UAV_BURSTCOUNT_W=3,UAV_CONSTANT_BURST_BEHAVIOR=0,USE_ADDRESS=1,USE_BEGINBURSTTRANSFER=0,USE_BEGINTRANSFER=0,USE_BURSTCOUNT=0,USE_BYTEENABLE=0,USE_CHIPSELECT=0,USE_CLKEN=0,USE_DEBUGACCESS=0,USE_LOCK=0,USE_READ=1,USE_READDATA=1,USE_READDATAVALID=0,USE_READRESPONSE=0,USE_WAITREQUEST=1,USE_WRITE=1,USE_WRITEDATA=1,USE_WRITERESPONSE=0)(altera_merlin_slave_translator:20.1:AV_ADDRESSGROUP=0,AV_ADDRESS_SYMBOLS=0,AV_ADDRESS_W=4,AV_ALWAYSBURSTMAXBURST=0,AV_BITS_PER_SYMBOL=8,AV_BURSTBOUNDARIES=0,AV_BURSTCOUNT_SYMBOLS=0,AV_BURSTCOUNT_W=1,AV_BYTEENABLE_W=4,AV_CONSTANT_BURST_BEHAVIOR=0,AV_DATA_HOLD=0,AV_DATA_HOLD_CYCLES=0,AV_DATA_W=32,AV_INTERLEAVEBURSTS=0,AV_ISBIGENDIAN=0,AV_LINEWRAPBURSTS=0,AV_MAX_PENDING_READ_TRANSACTIONS=1,AV_MAX_PENDING_WRITE_TRANSACTIONS=0,AV_READLATENCY=0,AV_READ_WAIT=1,AV_READ_WAIT_CYCLES=1,AV_REGISTERINCOMINGSIGNALS=0,AV_REGISTEROUTGOINGSIGNALS=0,AV_REQUIRE_UNALIGNED_ADDRESSES=0,AV_SETUP_WAIT=0,AV_SETUP_WAIT_CYCLES=0,AV_SYMBOLS_PER_WORD=4,AV_TIMING_UNITS=1,AV_WRITE_WAIT=0,AV_WRITE_WAIT_CYCLES=0,CHIPSELECT_THROUGH_READLATENCY=0,CLOCK_RATE=50000000,UAV_ADDRESSGROUP=0,UAV_ADDRESS_W=16,UAV_BURSTCOUNT_W=3,UAV_BYTEENABLE_W=4,UAV_CONSTANT_BURST_BEHAVIOR=0,UAV_DATA_W=32,USE_ADDRESS=1,USE_AV_CLKEN=0,USE_BEGINBURSTTRANSFER=0,USE_BEGINTRANSFER=0,USE_BURSTCOUNT=0,USE_BYTEENABLE=0,USE_CHIPSELECT=1,USE_DEBUGACCESS=0,USE_LOCK=0,USE_OUTPUTENABLE=0,USE_READ=1,USE_READDATA=1,USE_READDATAVALID=0,USE_READRESPONSE=0,USE_UAV_CLKEN=0,USE_WAITREQUEST=1,USE_WRITE=1,USE_WRITEBYTEENABLE=0,USE_WRITEDATA=1,USE_WRITERESPONSE=0)(altera_reset_bridge:20.1:ACTIVE_LOW_RESET=0,AUTO_CLK_CLOCK_RATE=50000000,NUM_RESET_OUTPUTS=1,SYNCHRONOUS_EDGES=deassert,USE_RESET_REQUEST=0)(altera_clock_bridge:20.1:DERIVED_CLOCK_RATE=0,EXPLICIT_CLOCK_RATE=50000000,NUM_CLOCK_OUTPUTS=1)(avalon:20.1:arbitrationPriority=1,baseAddress=0x0040,defaultConnection=false)(reset:20.1:)(reset:20.1:)(clock:20.1:)(clock:20.1:)(clock:20.1:)"
   instancePathKey="q_sys:.:mm_interconnect_0"
   kind="altera_mm_interconnect"
   version="20.1"
   name="q_sys_mm_interconnect_0">
  <parameter name="AUTO_DEVICE" value="5M2210ZF256C4" />
  <parameter name="AUTO_DEVICE_FAMILY" value="MAX V" />
  <parameter name="AUTO_DEVICE_SPEEDGRADE" value="" />
  <parameter
     name="COMPOSE_CONTENTS"
     value="add_instance {alt_jtagavalon_wrapper_0_avm_jtag_translator} {altera_merlin_master_translator};set_instance_parameter_value {alt_jtagavalon_wrapper_0_avm_jtag_translator} {AV_ADDRESS_W} {16};set_instance_parameter_value {alt_jtagavalon_wrapper_0_avm_jtag_translator} {AV_DATA_W} {32};set_instance_parameter_value {alt_jtagavalon_wrapper_0_avm_jtag_translator} {AV_BURSTCOUNT_W} {1};set_instance_parameter_value {alt_jtagavalon_wrapper_0_avm_jtag_translator} {AV_BYTEENABLE_W} {4};set_instance_parameter_value {alt_jtagavalon_wrapper_0_avm_jtag_translator} {UAV_ADDRESS_W} {16};set_instance_parameter_value {alt_jtagavalon_wrapper_0_avm_jtag_translator} {UAV_BURSTCOUNT_W} {3};set_instance_parameter_value {alt_jtagavalon_wrapper_0_avm_jtag_translator} {AV_READLATENCY} {0};set_instance_parameter_value {alt_jtagavalon_wrapper_0_avm_jtag_translator} {AV_WRITE_WAIT} {0};set_instance_parameter_value {alt_jtagavalon_wrapper_0_avm_jtag_translator} {AV_READ_WAIT} {1};set_instance_parameter_value {alt_jtagavalon_wrapper_0_avm_jtag_translator} {AV_DATA_HOLD} {0};set_instance_parameter_value {alt_jtagavalon_wrapper_0_avm_jtag_translator} {AV_SETUP_WAIT} {0};set_instance_parameter_value {alt_jtagavalon_wrapper_0_avm_jtag_translator} {USE_READDATA} {1};set_instance_parameter_value {alt_jtagavalon_wrapper_0_avm_jtag_translator} {USE_WRITEDATA} {1};set_instance_parameter_value {alt_jtagavalon_wrapper_0_avm_jtag_translator} {USE_READ} {1};set_instance_parameter_value {alt_jtagavalon_wrapper_0_avm_jtag_translator} {USE_WRITE} {1};set_instance_parameter_value {alt_jtagavalon_wrapper_0_avm_jtag_translator} {USE_BEGINBURSTTRANSFER} {0};set_instance_parameter_value {alt_jtagavalon_wrapper_0_avm_jtag_translator} {USE_BEGINTRANSFER} {0};set_instance_parameter_value {alt_jtagavalon_wrapper_0_avm_jtag_translator} {USE_BYTEENABLE} {0};set_instance_parameter_value {alt_jtagavalon_wrapper_0_avm_jtag_translator} {USE_CHIPSELECT} {0};set_instance_parameter_value {alt_jtagavalon_wrapper_0_avm_jtag_translator} {USE_ADDRESS} {1};set_instance_parameter_value {alt_jtagavalon_wrapper_0_avm_jtag_translator} {USE_BURSTCOUNT} {0};set_instance_parameter_value {alt_jtagavalon_wrapper_0_avm_jtag_translator} {USE_DEBUGACCESS} {0};set_instance_parameter_value {alt_jtagavalon_wrapper_0_avm_jtag_translator} {USE_CLKEN} {0};set_instance_parameter_value {alt_jtagavalon_wrapper_0_avm_jtag_translator} {USE_READDATAVALID} {0};set_instance_parameter_value {alt_jtagavalon_wrapper_0_avm_jtag_translator} {USE_WAITREQUEST} {1};set_instance_parameter_value {alt_jtagavalon_wrapper_0_avm_jtag_translator} {USE_LOCK} {0};set_instance_parameter_value {alt_jtagavalon_wrapper_0_avm_jtag_translator} {USE_READRESPONSE} {0};set_instance_parameter_value {alt_jtagavalon_wrapper_0_avm_jtag_translator} {USE_WRITERESPONSE} {0};set_instance_parameter_value {alt_jtagavalon_wrapper_0_avm_jtag_translator} {AV_SYMBOLS_PER_WORD} {4};set_instance_parameter_value {alt_jtagavalon_wrapper_0_avm_jtag_translator} {AV_ADDRESS_SYMBOLS} {1};set_instance_parameter_value {alt_jtagavalon_wrapper_0_avm_jtag_translator} {AV_BURSTCOUNT_SYMBOLS} {0};set_instance_parameter_value {alt_jtagavalon_wrapper_0_avm_jtag_translator} {AV_CONSTANT_BURST_BEHAVIOR} {0};set_instance_parameter_value {alt_jtagavalon_wrapper_0_avm_jtag_translator} {UAV_CONSTANT_BURST_BEHAVIOR} {0};set_instance_parameter_value {alt_jtagavalon_wrapper_0_avm_jtag_translator} {AV_LINEWRAPBURSTS} {0};set_instance_parameter_value {alt_jtagavalon_wrapper_0_avm_jtag_translator} {AV_MAX_PENDING_READ_TRANSACTIONS} {64};set_instance_parameter_value {alt_jtagavalon_wrapper_0_avm_jtag_translator} {AV_BURSTBOUNDARIES} {0};set_instance_parameter_value {alt_jtagavalon_wrapper_0_avm_jtag_translator} {AV_INTERLEAVEBURSTS} {0};set_instance_parameter_value {alt_jtagavalon_wrapper_0_avm_jtag_translator} {AV_BITS_PER_SYMBOL} {8};set_instance_parameter_value {alt_jtagavalon_wrapper_0_avm_jtag_translator} {AV_ISBIGENDIAN} {0};set_instance_parameter_value {alt_jtagavalon_wrapper_0_avm_jtag_translator} {AV_ADDRESSGROUP} {0};set_instance_parameter_value {alt_jtagavalon_wrapper_0_avm_jtag_translator} {UAV_ADDRESSGROUP} {0};set_instance_parameter_value {alt_jtagavalon_wrapper_0_avm_jtag_translator} {AV_REGISTEROUTGOINGSIGNALS} {0};set_instance_parameter_value {alt_jtagavalon_wrapper_0_avm_jtag_translator} {AV_REGISTERINCOMINGSIGNALS} {0};set_instance_parameter_value {alt_jtagavalon_wrapper_0_avm_jtag_translator} {AV_ALWAYSBURSTMAXBURST} {0};set_instance_parameter_value {alt_jtagavalon_wrapper_0_avm_jtag_translator} {SYNC_RESET} {0};add_instance {System_max_ID_0_slv_translator} {altera_merlin_slave_translator};set_instance_parameter_value {System_max_ID_0_slv_translator} {AV_ADDRESS_W} {4};set_instance_parameter_value {System_max_ID_0_slv_translator} {AV_DATA_W} {32};set_instance_parameter_value {System_max_ID_0_slv_translator} {UAV_DATA_W} {32};set_instance_parameter_value {System_max_ID_0_slv_translator} {AV_BURSTCOUNT_W} {1};set_instance_parameter_value {System_max_ID_0_slv_translator} {AV_BYTEENABLE_W} {4};set_instance_parameter_value {System_max_ID_0_slv_translator} {UAV_BYTEENABLE_W} {4};set_instance_parameter_value {System_max_ID_0_slv_translator} {UAV_ADDRESS_W} {16};set_instance_parameter_value {System_max_ID_0_slv_translator} {UAV_BURSTCOUNT_W} {3};set_instance_parameter_value {System_max_ID_0_slv_translator} {AV_READLATENCY} {0};set_instance_parameter_value {System_max_ID_0_slv_translator} {AV_SETUP_WAIT} {0};set_instance_parameter_value {System_max_ID_0_slv_translator} {AV_WRITE_WAIT} {0};set_instance_parameter_value {System_max_ID_0_slv_translator} {AV_READ_WAIT} {1};set_instance_parameter_value {System_max_ID_0_slv_translator} {AV_DATA_HOLD} {0};set_instance_parameter_value {System_max_ID_0_slv_translator} {AV_TIMING_UNITS} {1};set_instance_parameter_value {System_max_ID_0_slv_translator} {USE_READDATA} {1};set_instance_parameter_value {System_max_ID_0_slv_translator} {USE_WRITEDATA} {1};set_instance_parameter_value {System_max_ID_0_slv_translator} {USE_READ} {1};set_instance_parameter_value {System_max_ID_0_slv_translator} {USE_WRITE} {1};set_instance_parameter_value {System_max_ID_0_slv_translator} {USE_BEGINBURSTTRANSFER} {0};set_instance_parameter_value {System_max_ID_0_slv_translator} {USE_BEGINTRANSFER} {0};set_instance_parameter_value {System_max_ID_0_slv_translator} {USE_BYTEENABLE} {0};set_instance_parameter_value {System_max_ID_0_slv_translator} {USE_CHIPSELECT} {1};set_instance_parameter_value {System_max_ID_0_slv_translator} {USE_ADDRESS} {1};set_instance_parameter_value {System_max_ID_0_slv_translator} {USE_BURSTCOUNT} {0};set_instance_parameter_value {System_max_ID_0_slv_translator} {USE_READDATAVALID} {0};set_instance_parameter_value {System_max_ID_0_slv_translator} {USE_WAITREQUEST} {1};set_instance_parameter_value {System_max_ID_0_slv_translator} {USE_WRITEBYTEENABLE} {0};set_instance_parameter_value {System_max_ID_0_slv_translator} {USE_LOCK} {0};set_instance_parameter_value {System_max_ID_0_slv_translator} {USE_AV_CLKEN} {0};set_instance_parameter_value {System_max_ID_0_slv_translator} {USE_UAV_CLKEN} {0};set_instance_parameter_value {System_max_ID_0_slv_translator} {USE_OUTPUTENABLE} {0};set_instance_parameter_value {System_max_ID_0_slv_translator} {USE_DEBUGACCESS} {0};set_instance_parameter_value {System_max_ID_0_slv_translator} {USE_READRESPONSE} {0};set_instance_parameter_value {System_max_ID_0_slv_translator} {USE_WRITERESPONSE} {0};set_instance_parameter_value {System_max_ID_0_slv_translator} {AV_SYMBOLS_PER_WORD} {4};set_instance_parameter_value {System_max_ID_0_slv_translator} {AV_ADDRESS_SYMBOLS} {0};set_instance_parameter_value {System_max_ID_0_slv_translator} {AV_BURSTCOUNT_SYMBOLS} {0};set_instance_parameter_value {System_max_ID_0_slv_translator} {AV_CONSTANT_BURST_BEHAVIOR} {0};set_instance_parameter_value {System_max_ID_0_slv_translator} {UAV_CONSTANT_BURST_BEHAVIOR} {0};set_instance_parameter_value {System_max_ID_0_slv_translator} {AV_REQUIRE_UNALIGNED_ADDRESSES} {0};set_instance_parameter_value {System_max_ID_0_slv_translator} {AV_LINEWRAPBURSTS} {0};set_instance_parameter_value {System_max_ID_0_slv_translator} {AV_MAX_PENDING_READ_TRANSACTIONS} {1};set_instance_parameter_value {System_max_ID_0_slv_translator} {AV_MAX_PENDING_WRITE_TRANSACTIONS} {0};set_instance_parameter_value {System_max_ID_0_slv_translator} {AV_BURSTBOUNDARIES} {0};set_instance_parameter_value {System_max_ID_0_slv_translator} {AV_INTERLEAVEBURSTS} {0};set_instance_parameter_value {System_max_ID_0_slv_translator} {AV_BITS_PER_SYMBOL} {8};set_instance_parameter_value {System_max_ID_0_slv_translator} {AV_ISBIGENDIAN} {0};set_instance_parameter_value {System_max_ID_0_slv_translator} {AV_ADDRESSGROUP} {0};set_instance_parameter_value {System_max_ID_0_slv_translator} {UAV_ADDRESSGROUP} {0};set_instance_parameter_value {System_max_ID_0_slv_translator} {AV_REGISTEROUTGOINGSIGNALS} {0};set_instance_parameter_value {System_max_ID_0_slv_translator} {AV_REGISTERINCOMINGSIGNALS} {0};set_instance_parameter_value {System_max_ID_0_slv_translator} {AV_ALWAYSBURSTMAXBURST} {0};set_instance_parameter_value {System_max_ID_0_slv_translator} {CHIPSELECT_THROUGH_READLATENCY} {0};add_instance {alt_jtagavalon_wrapper_0_global_signals_clock_reset_reset_bridge} {altera_reset_bridge};set_instance_parameter_value {alt_jtagavalon_wrapper_0_global_signals_clock_reset_reset_bridge} {ACTIVE_LOW_RESET} {0};set_instance_parameter_value {alt_jtagavalon_wrapper_0_global_signals_clock_reset_reset_bridge} {SYNCHRONOUS_EDGES} {deassert};set_instance_parameter_value {alt_jtagavalon_wrapper_0_global_signals_clock_reset_reset_bridge} {NUM_RESET_OUTPUTS} {1};set_instance_parameter_value {alt_jtagavalon_wrapper_0_global_signals_clock_reset_reset_bridge} {USE_RESET_REQUEST} {0};add_instance {clk_0_clk_clock_bridge} {altera_clock_bridge};set_instance_parameter_value {clk_0_clk_clock_bridge} {EXPLICIT_CLOCK_RATE} {50000000};set_instance_parameter_value {clk_0_clk_clock_bridge} {NUM_CLOCK_OUTPUTS} {1};add_connection {alt_jtagavalon_wrapper_0_avm_jtag_translator.avalon_universal_master_0} {System_max_ID_0_slv_translator.avalon_universal_slave_0} {avalon};set_connection_parameter_value {alt_jtagavalon_wrapper_0_avm_jtag_translator.avalon_universal_master_0/System_max_ID_0_slv_translator.avalon_universal_slave_0} {arbitrationPriority} {1};set_connection_parameter_value {alt_jtagavalon_wrapper_0_avm_jtag_translator.avalon_universal_master_0/System_max_ID_0_slv_translator.avalon_universal_slave_0} {baseAddress} {0x0040};set_connection_parameter_value {alt_jtagavalon_wrapper_0_avm_jtag_translator.avalon_universal_master_0/System_max_ID_0_slv_translator.avalon_universal_slave_0} {defaultConnection} {false};add_connection {alt_jtagavalon_wrapper_0_global_signals_clock_reset_reset_bridge.out_reset} {alt_jtagavalon_wrapper_0_avm_jtag_translator.reset} {reset};add_connection {alt_jtagavalon_wrapper_0_global_signals_clock_reset_reset_bridge.out_reset} {System_max_ID_0_slv_translator.reset} {reset};add_connection {clk_0_clk_clock_bridge.out_clk} {alt_jtagavalon_wrapper_0_avm_jtag_translator.clk} {clock};add_connection {clk_0_clk_clock_bridge.out_clk} {System_max_ID_0_slv_translator.clk} {clock};add_connection {clk_0_clk_clock_bridge.out_clk} {alt_jtagavalon_wrapper_0_global_signals_clock_reset_reset_bridge.clk} {clock};add_interface {clk_0_clk} {clock} {slave};set_interface_property {clk_0_clk} {EXPORT_OF} {clk_0_clk_clock_bridge.in_clk};add_interface {alt_jtagavalon_wrapper_0_global_signals_clock_reset_reset_bridge_in_reset} {reset} {slave};set_interface_property {alt_jtagavalon_wrapper_0_global_signals_clock_reset_reset_bridge_in_reset} {EXPORT_OF} {alt_jtagavalon_wrapper_0_global_signals_clock_reset_reset_bridge.in_reset};add_interface {alt_jtagavalon_wrapper_0_avm_jtag} {avalon} {slave};set_interface_property {alt_jtagavalon_wrapper_0_avm_jtag} {EXPORT_OF} {alt_jtagavalon_wrapper_0_avm_jtag_translator.avalon_anti_master_0};add_interface {System_max_ID_0_slv} {avalon} {master};set_interface_property {System_max_ID_0_slv} {EXPORT_OF} {System_max_ID_0_slv_translator.avalon_anti_slave_0};set_module_assignment {interconnect_id.System_max_ID_0.slv} {0};set_module_assignment {interconnect_id.alt_jtagavalon_wrapper_0.avm_jtag} {0};" />
  <generatedFiles>
   <file
       path="/home/convertinoj/Documents/programming/HDL/fusesoc/projects_pub/fmcomms5/a10soc/max5/io_max5/db/ip/q_sys/submodules/q_sys_mm_interconnect_0.v"
       type="VERILOG" />
  </generatedFiles>
  <childGeneratedFiles>
   <file
       path="/home/convertinoj/Documents/programming/HDL/fusesoc/projects_pub/fmcomms5/a10soc/max5/io_max5/db/ip/q_sys/submodules/altera_merlin_master_translator.sv"
       type="SYSTEM_VERILOG"
       attributes="" />
   <file
       path="/home/convertinoj/Documents/programming/HDL/fusesoc/projects_pub/fmcomms5/a10soc/max5/io_max5/db/ip/q_sys/submodules/altera_merlin_slave_translator.sv"
       type="SYSTEM_VERILOG"
       attributes="" />
  </childGeneratedFiles>
  <sourceFiles>
   <file
       path="/opt/usr_lg/intel/FPGA/std/20.1/ip/altera/merlin/altera_mm_interconnect/altera_mm_interconnect_hw.tcl" />
  </sourceFiles>
  <childSourceFiles>
   <file
       path="/opt/usr_lg/intel/FPGA/std/20.1/ip/altera/merlin/altera_merlin_master_translator/altera_merlin_master_translator_hw.tcl" />
   <file
       path="/opt/usr_lg/intel/FPGA/std/20.1/ip/altera/merlin/altera_merlin_slave_translator/altera_merlin_slave_translator_hw.tcl" />
  </childSourceFiles>
  <instantiator instantiator="q_sys" as="mm_interconnect_0" />
  <messages>
   <message level="Debug" culprit="q_sys">queue size: 1 starting:altera_mm_interconnect "submodules/q_sys_mm_interconnect_0"</message>
   <message level="Progress" culprit="min"></message>
   <message level="Progress" culprit="max"></message>
   <message level="Progress" culprit="current"></message>
   <message level="Debug">Transform: CustomInstructionTransform</message>
   <message level="Debug">No custom instruction connections, skipping transform </message>
   <message level="Debug" culprit="merlin_custom_instruction_transform"><![CDATA[After transform: <b>4</b> modules, <b>6</b> connections]]></message>
   <message level="Debug">Transform: MMTransform</message>
   <message level="Debug">Transform: InitialInterconnectTransform</message>
   <message level="Debug" culprit="merlin_initial_interconnect_transform"><![CDATA[After transform: <b>0</b> modules, <b>0</b> connections]]></message>
   <message level="Debug">Transform: TerminalIdAssignmentUpdateTransform</message>
   <message level="Debug">Transform: DefaultSlaveTransform</message>
   <message level="Debug">Transform: TranslatorTransform</message>
   <message level="Debug">No Avalon connections, skipping transform </message>
   <message level="Debug">Transform: IDPadTransform</message>
   <message level="Debug">Transform: DomainTransform</message>
   <message level="Debug">Transform: RouterTransform</message>
   <message level="Debug">Transform: TrafficLimiterTransform</message>
   <message level="Debug">Transform: BurstTransform</message>
   <message level="Debug">Transform: TreeTransform</message>
   <message level="Debug">Transform: NetworkToSwitchTransform</message>
   <message level="Debug">Transform: WidthTransform</message>
   <message level="Debug">Transform: RouterTableTransform</message>
   <message level="Debug">Transform: ThreadIDMappingTableTransform</message>
   <message level="Debug">Transform: ClockCrossingTransform</message>
   <message level="Debug">Transform: PipelineTransform</message>
   <message level="Debug">Transform: SpotPipelineTransform</message>
   <message level="Debug">Transform: PerformanceMonitorTransform</message>
   <message level="Debug">Transform: TrafficLimiterUpdateTransform</message>
   <message level="Debug">Transform: InsertClockAndResetBridgesTransform</message>
   <message level="Debug">Transform: InterconnectConnectionsTagger</message>
   <message level="Debug">Transform: HierarchyTransform</message>
   <message level="Debug" culprit="merlin_hierarchy_transform"><![CDATA[After transform: <b>4</b> modules, <b>6</b> connections]]></message>
   <message level="Debug">Transform: InterruptMapperTransform</message>
   <message level="Debug">Transform: InterruptSyncTransform</message>
   <message level="Debug">Transform: InterruptFanoutTransform</message>
   <message level="Debug">Transform: AvalonStreamingTransform</message>
   <message level="Debug">Transform: ResetAdaptation</message>
   <message level="Debug" culprit="mm_interconnect_0"><![CDATA["<b>mm_interconnect_0</b>" reuses <b>altera_merlin_master_translator</b> "<b>submodules/altera_merlin_master_translator</b>"]]></message>
   <message level="Debug" culprit="mm_interconnect_0"><![CDATA["<b>mm_interconnect_0</b>" reuses <b>altera_merlin_slave_translator</b> "<b>submodules/altera_merlin_slave_translator</b>"]]></message>
   <message level="Info" culprit="mm_interconnect_0"><![CDATA["<b>q_sys</b>" instantiated <b>altera_mm_interconnect</b> "<b>mm_interconnect_0</b>"]]></message>
   <message level="Debug" culprit="q_sys">queue size: 1 starting:altera_merlin_master_translator "submodules/altera_merlin_master_translator"</message>
   <message level="Info" culprit="alt_jtagavalon_wrapper_0_avm_jtag_translator"><![CDATA["<b>mm_interconnect_0</b>" instantiated <b>altera_merlin_master_translator</b> "<b>alt_jtagavalon_wrapper_0_avm_jtag_translator</b>"]]></message>
   <message level="Debug" culprit="q_sys">queue size: 0 starting:altera_merlin_slave_translator "submodules/altera_merlin_slave_translator"</message>
   <message level="Info" culprit="System_max_ID_0_slv_translator"><![CDATA["<b>mm_interconnect_0</b>" instantiated <b>altera_merlin_slave_translator</b> "<b>System_max_ID_0_slv_translator</b>"]]></message>
  </messages>
 </entity>
 <entity
   path="submodules/"
   parameterizationKey="altera_reset_controller:20.1:ADAPT_RESET_REQUEST=0,MIN_RST_ASSERTION_TIME=3,NUM_RESET_INPUTS=1,OUTPUT_RESET_SYNC_EDGES=deassert,RESET_REQUEST_PRESENT=0,RESET_REQ_EARLY_DSRT_TIME=1,RESET_REQ_WAIT_TIME=1,SYNC_DEPTH=2,USE_RESET_REQUEST_IN0=0,USE_RESET_REQUEST_IN1=0,USE_RESET_REQUEST_IN10=0,USE_RESET_REQUEST_IN11=0,USE_RESET_REQUEST_IN12=0,USE_RESET_REQUEST_IN13=0,USE_RESET_REQUEST_IN14=0,USE_RESET_REQUEST_IN15=0,USE_RESET_REQUEST_IN2=0,USE_RESET_REQUEST_IN3=0,USE_RESET_REQUEST_IN4=0,USE_RESET_REQUEST_IN5=0,USE_RESET_REQUEST_IN6=0,USE_RESET_REQUEST_IN7=0,USE_RESET_REQUEST_IN8=0,USE_RESET_REQUEST_IN9=0,USE_RESET_REQUEST_INPUT=0"
   instancePathKey="q_sys:.:rst_controller"
   kind="altera_reset_controller"
   version="20.1"
   name="altera_reset_controller">
  <generatedFiles>
   <file
       path="/home/convertinoj/Documents/programming/HDL/fusesoc/projects_pub/fmcomms5/a10soc/max5/io_max5/db/ip/q_sys/submodules/altera_reset_controller.v"
       type="VERILOG"
       attributes="" />
   <file
       path="/home/convertinoj/Documents/programming/HDL/fusesoc/projects_pub/fmcomms5/a10soc/max5/io_max5/db/ip/q_sys/submodules/altera_reset_synchronizer.v"
       type="VERILOG"
       attributes="" />
   <file
       path="/home/convertinoj/Documents/programming/HDL/fusesoc/projects_pub/fmcomms5/a10soc/max5/io_max5/db/ip/q_sys/submodules/altera_reset_controller.sdc"
       type="SDC"
       attributes="" />
  </generatedFiles>
  <childGeneratedFiles/>
  <sourceFiles>
   <file
       path="/opt/usr_lg/intel/FPGA/std/20.1/ip/altera/merlin/altera_reset_controller/altera_reset_controller_hw.tcl" />
  </sourceFiles>
  <childSourceFiles/>
  <instantiator instantiator="q_sys" as="rst_controller" />
  <messages>
   <message level="Debug" culprit="q_sys">queue size: 2 starting:altera_reset_controller "submodules/altera_reset_controller"</message>
   <message level="Info" culprit="rst_controller"><![CDATA["<b>q_sys</b>" instantiated <b>altera_reset_controller</b> "<b>rst_controller</b>"]]></message>
  </messages>
 </entity>
 <entity
   path="submodules/"
   parameterizationKey="altera_merlin_master_translator:20.1:AV_ADDRESSGROUP=0,AV_ADDRESS_SYMBOLS=1,AV_ADDRESS_W=16,AV_ALWAYSBURSTMAXBURST=0,AV_BITS_PER_SYMBOL=8,AV_BURSTBOUNDARIES=0,AV_BURSTCOUNT_SYMBOLS=0,AV_BURSTCOUNT_W=1,AV_BYTEENABLE_W=4,AV_CONSTANT_BURST_BEHAVIOR=0,AV_DATA_HOLD=0,AV_DATA_W=32,AV_INTERLEAVEBURSTS=0,AV_ISBIGENDIAN=0,AV_LINEWRAPBURSTS=0,AV_MAX_PENDING_READ_TRANSACTIONS=64,AV_READLATENCY=0,AV_READ_WAIT=1,AV_REGISTERINCOMINGSIGNALS=0,AV_REGISTEROUTGOINGSIGNALS=0,AV_SETUP_WAIT=0,AV_SYMBOLS_PER_WORD=4,AV_WRITE_WAIT=0,SYNC_RESET=0,UAV_ADDRESSGROUP=0,UAV_ADDRESS_W=16,UAV_BURSTCOUNT_W=3,UAV_CONSTANT_BURST_BEHAVIOR=0,USE_ADDRESS=1,USE_BEGINBURSTTRANSFER=0,USE_BEGINTRANSFER=0,USE_BURSTCOUNT=0,USE_BYTEENABLE=0,USE_CHIPSELECT=0,USE_CLKEN=0,USE_DEBUGACCESS=0,USE_LOCK=0,USE_READ=1,USE_READDATA=1,USE_READDATAVALID=0,USE_READRESPONSE=0,USE_WAITREQUEST=1,USE_WRITE=1,USE_WRITEDATA=1,USE_WRITERESPONSE=0"
   instancePathKey="q_sys:.:mm_interconnect_0:.:alt_jtagavalon_wrapper_0_avm_jtag_translator"
   kind="altera_merlin_master_translator"
   version="20.1"
   name="altera_merlin_master_translator">
  <parameter name="SYNC_RESET" value="0" />
  <generatedFiles>
   <file
       path="/home/convertinoj/Documents/programming/HDL/fusesoc/projects_pub/fmcomms5/a10soc/max5/io_max5/db/ip/q_sys/submodules/altera_merlin_master_translator.sv"
       type="SYSTEM_VERILOG"
       attributes="" />
  </generatedFiles>
  <childGeneratedFiles/>
  <sourceFiles>
   <file
       path="/opt/usr_lg/intel/FPGA/std/20.1/ip/altera/merlin/altera_merlin_master_translator/altera_merlin_master_translator_hw.tcl" />
  </sourceFiles>
  <childSourceFiles/>
  <instantiator
     instantiator="q_sys_mm_interconnect_0"
     as="alt_jtagavalon_wrapper_0_avm_jtag_translator" />
  <messages>
   <message level="Debug" culprit="q_sys">queue size: 1 starting:altera_merlin_master_translator "submodules/altera_merlin_master_translator"</message>
   <message level="Info" culprit="alt_jtagavalon_wrapper_0_avm_jtag_translator"><![CDATA["<b>mm_interconnect_0</b>" instantiated <b>altera_merlin_master_translator</b> "<b>alt_jtagavalon_wrapper_0_avm_jtag_translator</b>"]]></message>
  </messages>
 </entity>
 <entity
   path="submodules/"
   parameterizationKey="altera_merlin_slave_translator:20.1:AV_ADDRESSGROUP=0,AV_ADDRESS_SYMBOLS=0,AV_ADDRESS_W=4,AV_ALWAYSBURSTMAXBURST=0,AV_BITS_PER_SYMBOL=8,AV_BURSTBOUNDARIES=0,AV_BURSTCOUNT_SYMBOLS=0,AV_BURSTCOUNT_W=1,AV_BYTEENABLE_W=4,AV_CONSTANT_BURST_BEHAVIOR=0,AV_DATA_HOLD=0,AV_DATA_HOLD_CYCLES=0,AV_DATA_W=32,AV_INTERLEAVEBURSTS=0,AV_ISBIGENDIAN=0,AV_LINEWRAPBURSTS=0,AV_MAX_PENDING_READ_TRANSACTIONS=1,AV_MAX_PENDING_WRITE_TRANSACTIONS=0,AV_READLATENCY=0,AV_READ_WAIT=1,AV_READ_WAIT_CYCLES=1,AV_REGISTERINCOMINGSIGNALS=0,AV_REGISTEROUTGOINGSIGNALS=0,AV_REQUIRE_UNALIGNED_ADDRESSES=0,AV_SETUP_WAIT=0,AV_SETUP_WAIT_CYCLES=0,AV_SYMBOLS_PER_WORD=4,AV_TIMING_UNITS=1,AV_WRITE_WAIT=0,AV_WRITE_WAIT_CYCLES=0,CHIPSELECT_THROUGH_READLATENCY=0,CLOCK_RATE=50000000,UAV_ADDRESSGROUP=0,UAV_ADDRESS_W=16,UAV_BURSTCOUNT_W=3,UAV_BYTEENABLE_W=4,UAV_CONSTANT_BURST_BEHAVIOR=0,UAV_DATA_W=32,USE_ADDRESS=1,USE_AV_CLKEN=0,USE_BEGINBURSTTRANSFER=0,USE_BEGINTRANSFER=0,USE_BURSTCOUNT=0,USE_BYTEENABLE=0,USE_CHIPSELECT=1,USE_DEBUGACCESS=0,USE_LOCK=0,USE_OUTPUTENABLE=0,USE_READ=1,USE_READDATA=1,USE_READDATAVALID=0,USE_READRESPONSE=0,USE_UAV_CLKEN=0,USE_WAITREQUEST=1,USE_WRITE=1,USE_WRITEBYTEENABLE=0,USE_WRITEDATA=1,USE_WRITERESPONSE=0"
   instancePathKey="q_sys:.:mm_interconnect_0:.:System_max_ID_0_slv_translator"
   kind="altera_merlin_slave_translator"
   version="20.1"
   name="altera_merlin_slave_translator">
  <generatedFiles>
   <file
       path="/home/convertinoj/Documents/programming/HDL/fusesoc/projects_pub/fmcomms5/a10soc/max5/io_max5/db/ip/q_sys/submodules/altera_merlin_slave_translator.sv"
       type="SYSTEM_VERILOG"
       attributes="" />
  </generatedFiles>
  <childGeneratedFiles/>
  <sourceFiles>
   <file
       path="/opt/usr_lg/intel/FPGA/std/20.1/ip/altera/merlin/altera_merlin_slave_translator/altera_merlin_slave_translator_hw.tcl" />
  </sourceFiles>
  <childSourceFiles/>
  <instantiator
     instantiator="q_sys_mm_interconnect_0"
     as="System_max_ID_0_slv_translator" />
  <messages>
   <message level="Debug" culprit="q_sys">queue size: 0 starting:altera_merlin_slave_translator "submodules/altera_merlin_slave_translator"</message>
   <message level="Info" culprit="System_max_ID_0_slv_translator"><![CDATA["<b>mm_interconnect_0</b>" instantiated <b>altera_merlin_slave_translator</b> "<b>System_max_ID_0_slv_translator</b>"]]></message>
  </messages>
 </entity>
</deploy>
